HLA_allele	Norm_peptide	Norm_MHCrank_EL	Mut_peptide	Mut_MHCrank_EL	Gene_ID	Transcript_ID	Amino_Acid_Change	Allele_Frequency	Mismatches	peptide_position	Chr	Genomic_Position	Protein_position	Mutation_Consequence	Gene_Symbol	Cancer_Driver_Gene	Proteome_Peptide_Match	Expression_Level	Mutant_affinity_score	Normal_affinity_score	Expression_score	priority_Score
HLA-A01:01	TQEYVLKPKY	1.3294	TQEYVLKHKY	0.7737	ENSG00000049323	ENST00000404816	P/H	0	1	8	2	33110650	311	M	LTBP1	No	No	-	0.9978313945337548	0.9662029374363788	1	0
HLA-A01:01	YTGDDRLFLV	0.6182	YTGDDSLFLV	0.40399999999999997	ENSG00000157542	ENST00000609713,ENST00000645093	R/S	0	1	6	21	37714349	270,270	M	KCNJ6	No	No	-	0.9996578776652352	0.9990022404650492	1	0
HLA-A01:01	YLEPREMKH	0.88	HLEPREMKH	1.9338	ENSG00000007174	ENST00000262442,ENST00000454412	Y/H	0	1	1	17	11651096	709,709	M	DNAH9	No	No	-	0.5820026723341722	0.996315760100564	1	0
HLA-A01:01	TRATASSETS	71.0	TRATASSETY	1.8727	ENSG00000181143	ENST00000397910	S/Y	0	1	10	19	8979229	637	M	MUC16	No	No	-	0.6539618528677829	1.4736818793042907e-150	1	0
HLA-B08:01	HPKSVVGVF	0.4397	NPKSVVGVF	0.4503	ENSG00000007952	ENST00000217885,ENST00000372960,ENST00000372966	H/N	0	1	1	X	100848637	472,484,521	M	NOX1	No	No	-	0.9995687968771296	0.999591046474176	1	0
HLA-A01:01	YYTGDDRLFL	3.2807	YYTGDDSLFL	1.9599	ENSG00000157542	ENST00000609713,ENST00000645093	R/S	0	1	7	21	37714349	270,270	M	KCNJ6	No	No	-	0.5499577525126476	0.0016530150050127284	1	0
HLA-A01:01	LIESAFLEL	2.2609	LIESAFLEM	1.0758	ENSG00000119508	ENST00000330847,ENST00000395097,ENST00000618101	L/M	0	1	9	9	99844823	488,477,488	M	NR4A3	No	No	-	0.9902529911135928	0.21340864848726185	1	0
HLA-B08:01	QSSRRQRTV	2.4168	QNSRRQRTV	1.9378	ENSG00000115084	ENST00000420066	S/N	0	1	2	2	113719154	31	M	SLC35F5	No	No	-	0.5771293310029522	0.11066169048677248	1	0
HLA-B08:01	PLRDPYREL	2.388	LLRDPYREL	0.1874	ENSG00000158321	ENST00000342771,ENST00000406775,ENST00000611706,ENST00000615871,ENST00000644359,ENST00000644506,ENST00000644939,ENST00000647140	P/L	0	1	1	7	70790437	1074,1050,826,802,601,616,1073,696	M	AUTS2	No	No	-	0.999884138595284	0.1256478565153457	1	0
HLA-A01:01	YFDARNPDM	1.6556	YFDSRNPDM	1.7431	ENSG00000169218	ENST00000356545,ENST00000401068,ENST00000612451,ENST00000615459	A/S	0	1	4	1	37616514	86,86,86,59	M	RSPO1	No	No	-	0.7832148023229504	0.8483862696442313	1	0
HLA-A01:01	STPDQDHTDF	0.7794	STSDQDHTDF	0.7659999999999999	ENSG00000196511	ENST00000360057,ENST00000378098,ENST00000378099,ENST00000538212,ENST00000552881	P/S	0	1	3	7	144623240	94,94,94,89,94	M	TPK1	No	No	-	0.9979131281410448	0.9977688400074836	1	0
HLA-A01:01	LANLQATSED	87.6316	LANLQATSEY	0.6918	ENSG00000204849	ENST00000377647	D/Y	0	1	10	9	39360691	976	M	SPATA31A1	No	No	-	0.9985590346449402	1.1306891305578614e-186	1	0
HLA-B08:01	VLARGPTSL	0.511	VLANLPTSL	0.7248	ENSG00000125449	ENST00000245543,ENST00000581078,ENST00000582136,ENST00000584947	L/X	0	2	5:9	17	75110491	40,40,40,40	F	ARMC7	No	No	-	0.9983009745727719	0.999415985172224	1	0
HLA-B08:01	TQNYARTSV	2.8646	TQNYARTSM	1.6199	ENSG00000180530	ENST00000318948,ENST00000400199,ENST00000400202	V/M	0	1	9	21	14966578	539,539,539	M	NRIP1	No	No	-	0.8699481053012852	0.013086515908897322	1	0
HLA-B08:01	FLNSQIYKSF	4.9793	FLKSQIYKSF	1.4752	ENSG00000091844	ENST00000206262,ENST00000367225	N/K	0	1	3	6	153011631	192,192	M	RGS17	No	No	-	0.9323902974804864	3.3925956663606965e-07	1	0
HLA-A01:01	DSQCPPDGRY	0.3487	DSQCPPDCRY	0.4659	ENSG00000093134	ENST00000367927,ENST00000427187	G/C	0	1	8	6	132728809	157,157	M	VNN3	No	No	-	0.9995338328400633	0.9997405014731368	1	0
HLA-A01:01	MLANLQATSED	94.0625	MLANLQATSEY	0.7613	ENSG00000204849	ENST00000377647	D/Y	0	1	11	9	39360691	976	M	SPATA31A1	No	No	-	0.9979614990740968	1.2269342751499586e-200	1	0
HLA-B08:01	QSVRRIRDM	2.235	QSVRRIRVM	0.516	ENSG00000244752	ENST00000398215,ENST00000651629	D/V	0	1	8	22	25231729	192,192	M	CRYBB2	No	No	-	0.9994012096192306	0.2359524002025341	1	0
HLA-A01:01	KMGFVINAIY	4.0354	KMEFVINAIY	0.8736	ENSG00000152822	ENST00000282753,ENST00000355289,ENST00000361719,ENST00000492807,ENST00000507907	G/E	0	1	3	6	146352295	411,411,411,411,411	M	GRM1	No	No	-	0.996431375342392	3.8033696756664456e-05	1	0
HLA-A01:01	ANLQATSED	82.9167	ANLQATSEY	1.4383	ENSG00000204849	ENST00000377647	D/Y	0	1	9	9	39360691	976	M	SPATA31A1	No	No	-	0.9431334234918414	1.9571246228668924e-176	1	0
HLA-B08:01	HPPRREPAL	0.0926	HPTRREPAL	0.0893	ENSG00000139182	ENST00000266546	P/T	0	1	3	12	7141362	482	M	CLSTN3	No	No	-	0.9999290525396538	0.9999278722806332	1	0
HLA-A01:01	GSVEKFCLD	67.0	GSVEKFCLY	0.4869	ENSG00000129675	ENST00000250617	D/Y	0	1	9	X	136779488	59	M	ARHGEF6	No	No	-	0.9994822499101602	7.149791569445333e-142	1	0
HLA-A01:01	LTRATASSETS	76.0345	LTRATASSETY	0.9166	ENSG00000181143	ENST00000397910	S/Y	0	1	11	19	8979229	637	M	MUC16	No	No	-	0.9955791823810144	1.722367799987144e-161	1	0
HLA-A01:01	ATDGIFETFT	1.6581	ATDGILETFT	1.9042	ENSG00000041982	ENST00000341037,ENST00000350763,ENST00000535648,ENST00000542877,ENST00000544972	F/L	0	1	6	9	115057337	1374,1465,1101,1101,119	M	TNC	No	No	-	0.6175117115432242	0.8467714206917809	1	0
HLA-A01:01	MATDGIFETF	0.4658	MATDGILETF	0.5299	ENSG00000041982	ENST00000341037,ENST00000350763,ENST00000535648,ENST00000542877,ENST00000544972	F/L	0	1	7	9	115057337	1374,1465,1101,1101,119	M	TNC	No	No	-	0.9993581411029624	0.9995340657568074	1	0
HLA-B08:01	QNYARTSVI	0.4069	QNYARTSMI	1.0579	ENSG00000180530	ENST00000318948,ENST00000400199,ENST00000400202	V/M	0	1	8	21	14966578	539,539,539	M	NRIP1	No	No	-	0.9910800060908914	0.9996528824858212	1	0
HLA-B08:01	DPLRDPYREL	1.2564	DLLRDPYREL	1.4769999999999999	ENSG00000158321	ENST00000342771,ENST00000406775,ENST00000611706,ENST00000615871,ENST00000644359,ENST00000644506,ENST00000644939,ENST00000647140	P/L	0	1	2	7	70790437	1074,1050,826,802,601,616,1073,696	M	AUTS2	No	No	-	0.9318207371981512	0.9762931762924012	1	0
HLA-A01:01	YLDDELIDTH	0.7303	YLHDELIDTH	1.1179	ENSG00000101096	ENST00000371564,ENST00000414705,ENST00000609507,ENST00000610033	D/H	0	1	3	20	51432073	906,886,687,687	M	NFATC2	No	No	-	0.9879967267344624	0.9982536857254068	1	0
HLA-A01:01	PLDREEIAKY	0.3084	LLDREEIAKY	0.0782	ENSG00000062038	ENST00000264012,ENST00000429102,ENST00000569036	P/L	0	1	1	16	68678625	172,172,46	M	CDH3	No	No	-	0.9999328825923829	0.9997878489789648	1	0
HLA-B08:01	FPRFLNSQI	0.9618	FPRFLKSQI	0.6025	ENSG00000091844	ENST00000206262,ENST00000367225	N/K	0	1	6	6	153011631	192,192	M	RGS17	No	No	-	0.9990774997637956	0.9944643761117332	1	0
HLA-B08:01	DPDQPKRLHTF	3.0885	NPDQPKRLHTF	1.8204	ENSG00000165359	ENST00000370752,ENST00000639893	D/N	0	1	1	X	135575167	572,609	M	INTS6L	No	No	-	0.7105383286734963	0.004309991674826959	1	0
HLA-B08:01	VLKPKYFPA	0.5979	VLKHKYFPA	1.922	ENSG00000049323	ENST00000404816	P/H	0	1	4	2	33110650	311	M	LTBP1	No	No	-	0.5962826992967879	0.9990984562176762	1	0
HLA-B08:01	ENIIKNRSL	0.1538	ENIIKNSSL	0.1732	ENSG00000024526	ENST00000370966,ENST00000456315	R/S	0	1	7	1	68477826	469,753	M	DEPDC1	No	No	-	0.9998920786597438	0.9999020543622884	1	0
HLA-A01:01	YTGDDRLFL	0.9971	YTGDDSLFL	0.5894	ENSG00000157542	ENST00000609713,ENST00000645093	R/S	0	1	6	21	37714349	270,270	M	KCNJ6	No	No	-	0.9991359366213198	0.9934028596075204	1	0
HLA-A01:01	KPLDREEIAKY	3.4695	KLLDREEIAKY	1.0798	ENSG00000062038	ENST00000264012,ENST00000429102,ENST00000569036	P/L	0	1	2	16	68678625	172,172,46	M	CDH3	No	No	-	0.990058046069818	0.0006437861234634189	1	0
HLA-A01:01	QTQEYVLKPKY	0.5071	QTQEYVLKHKY	0.3982	ENSG00000049323	ENST00000404816	P/H	0	1	9	2	33110650	311	M	LTBP1	No	No	-	0.9996676534811092	0.9994272566843918	1	0
HLA-B08:01	RSRPLWSLL	3.6208	RMRPWWSLL	1.7831	ENSG00000125449	ENST00000245543,ENST00000581078,ENST00000582136,ENST00000584947	L/X	0	2	1:9	17	75110491	40,40,40,40	F	ARMC7	No	No	-	0.7473446215775765	0.00030223603236929154	1	0
HLA-A01:01	QTQEYVLKP	11.7059	QTQEYVLKH	1.6755	ENSG00000049323	ENST00000404816	P/H	0	1	9	2	33110650	311	M	LTBP1	No	No	-	0.8351396218469611	8.392781959140755e-22	1	0
HLA-A01:01	TPDQDHTDF	2.4826	TSDQDHTDF	0.3869	ENSG00000196511	ENST00000360057,ENST00000378098,ENST00000378099,ENST00000538212,ENST00000552881	P/S	0	1	2	7	144623240	94,94,94,89,94	M	TPK1	No	No	-	0.9996859047093318	0.08218673805893613	1	0
HLA-A01:01	ATSEDMHGF	1.0587	ATSEYMHGF	0.953	ENSG00000204849	ENST00000377647	D/Y	0	1	5	9	39360691	976	M	SPATA31A1	No	No	-	0.9947014002271792	0.9910445748293254	1	0
HLA-A01:01	YVQDSKMGF	1.4522	YVQDSKMEF	0.995	ENSG00000152822	ENST00000282753,ENST00000355289,ENST00000361719,ENST00000492807,ENST00000507907	G/E	0	1	8	6	146352295	411,411,411,411,411	M	GRM1	No	No	-	0.9934713173080784	0.9392890966390224	1	0
HLA-B08:01	YVQDSKMGF	2.4978	YVQDSKMEF	1.4709	ENSG00000152822	ENST00000282753,ENST00000355289,ENST00000361719,ENST00000492807,ENST00000507907	G/E	0	1	8	6	146352295	411,411,411,411,411	M	GRM1	No	No	-	0.9337330931599374	0.07663292772311951	1	0
HLA-A01:01	PLDREEIAKYE	7.2669	LLDREEIAKYE	1.8288	ENSG00000062038	ENST00000264012,ENST00000429102,ENST00000569036	P/L	0	1	1	16	68678625	172,172,46	M	CDH3	No	No	-	0.7018242628085736	3.65655378822738e-12	1	0
HLA-B08:01	VQSVRRIRD	42.2564	VQSVRRIRV	1.411	ENSG00000244752	ENST00000398215,ENST00000651629	D/V	0	1	9	22	25231729	192,192	M	CRYBB2	No	No	-	0.9500266417629324	3.8400607372857206e-88	1	0
HLA-A01:01	MGFVINAIY	1.8328	MEFVINAIY	1.8926	ENSG00000152822	ENST00000282753,ENST00000355289,ENST00000361719,ENST00000492807,ENST00000507907	G/E	0	1	2	6	146352295	411,411,411,411,411	M	GRM1	No	No	-	0.6311142657248101	0.697622101578998	1	0
HLA-A01:01	RATASSETS	43.2759	RATASSETY	1.0516	ENSG00000181143	ENST00000397910	S/Y	0	1	9	19	8979229	637	M	MUC16	No	No	-	0.9913542151422132	2.347048002731864e-90	1	0
HLA-A01:01	YLDDVNEII	0.4565	YFDDVNEII	1.2668	ENSG00000101096	ENST00000396009,ENST00000609943	L/F	0	1	2	20	51432074	905,885	M	NFATC2	No	No	-	0.9750593660873	0.9995552262680648	1	0
HLA-A01:01	SIDANGDRY	0.0223	SIDANGDDM	1.0967	ENSG00000113389	ENST00000265074,ENST00000326958,ENST00000415167,ENST00000434067,ENST00000509104	DR/X	0	2	7:9	5	32780757-32780760	411,195,411,195,188	F	NPR3	No	No	-	0.9891909110738536	0.999949247554486	1	0
HLA-A01:01	FSDSGGGPPAK	1.4874	FSDSGRGPPAK	1.9413	ENSG00000100941	ENST00000216832,ENST00000553331,ENST00000556530	G/R	0	1	6	14	39176549	70,70,70	M	PNN	No	No	-	0.5728527741439899	0.9284420263874392	1	0
HLA-A01:01	WMATDGIFETF	1.9243	WMATDGILETF	1.8969	ENSG00000041982	ENST00000341037,ENST00000350763,ENST00000535648,ENST00000542877,ENST00000544972	F/L	0	1	8	9	115057337	1374,1465,1101,1101,119	M	TNC	No	No	-	0.6260949151805202	0.5935112702916389	1	0
HLA-A01:01	VSIDANGDRY	0.0267	VSIDANGDDM	1.8849	ENSG00000113389	ENST00000265074,ENST00000326958,ENST00000415167,ENST00000434067,ENST00000509104	DR/X	0	2	8:10	5	32780757-32780760	411,195,411,195,188	F	NPR3	No	No	-	0.6400313004188461	0.9999481186865968	1	0
HLA-B08:01	IIKNRSLPL	0.0287	IIKNSSLPL	1.0436	ENSG00000024526	ENST00000370966,ENST00000456315	R/S	0	1	5	1	68477826	469,753	M	DEPDC1	No	No	-	0.9916904042120174	0.999947597298052	1	0
HLA-B08:01	RRRSPSWSL	0.9327	RRMRPWWSL	1.8248	ENSG00000125449	ENST00000245543,ENST00000581078,ENST00000582136,ENST00000584947	L/X	0	3	1:9	17	75110491	40,40,40,40	F	ARMC7	No	No	-	0.7059926376190437	0.9952103653392896	1	0
HLA-B08:01	ERTERKPMV	2.6484	ERKERKPMV	0.5383	ENSG00000164256	ENST00000296682,ENST00000502755	T/K	0	1	3	5	23509086	18,18	M	PRDM9	No	No	-	0.9993306273294466	0.037615422511591806	1	0
HLA-B08:01	LPTLKPILA	2.4945	LPTLKRILA	1.557	ENSG00000165458	ENST00000298229,ENST00000538751,ENST00000541756	P/R	0	1	6	11	72235123	808,566,742	M	INPPL1	No	No	-	0.9015884520526232	0.07780865950468417	1	0
HLA-A01:01	ATDGIFETF	0.1564	ATDGILETF	0.2007	ENSG00000041982	ENST00000341037,ENST00000350763,ENST00000535648,ENST00000542877,ENST00000544972	F/L	0	1	6	9	115057337	1374,1465,1101,1101,119	M	TNC	No	No	-	0.9998761728398958	0.9999007728837804	1	0
HLA-B08:01	SPLRYPVIM	0.3971	SPLRYQVIM	0.7041	ENSG00000181693	ENST00000313022,ENST00000610894,ENST00000641600	P/Q	0	1	6	11	56290668	132,128,132	M	OR8H1	No	No	-	0.9984677735442451	0.9996694757669162	1	0
HLA-A01:01	SQCPPDGRY	1.6238	SQCPPDCRY	1.9104	ENSG00000093134	ENST00000367927,ENST00000427187	G/C	0	1	7	6	132728809	157,157	M	VNN3	No	No	-	0.6101636109428105	0.8677259462990194	1	0
HLA-B08:01	ELFVLRLSI	1.9771	EMFVLRLSI	1.8607	ENSG00000119508	ENST00000330847,ENST00000395097,ENST00000618101	L/M	0	1	2	9	99844823	488,477,488	M	NR4A3	No	No	-	0.6674113208406011	0.5285937675370465	1	0
HLA-A01:01	TGDDRLFLV	1.8713	TGDDSLFLV	1.6044	ENSG00000157542	ENST00000609713,ENST00000645093	R/S	0	1	5	21	37714349	270,270	M	KCNJ6	No	No	-	0.8784677994316027	0.6555442112816888	1	0
