Peptides,TCRBagger_score
FHQMPSGIIL,0.7513697147369385
DVDPQGISV,0.9008879661560059
VWLQMKDDEL,0.540339469909668
QAHGLSPRL,0.7097278833389282
EVVGSHKGF,0.7416895031929016
LPKVAEHSY,0.9588648080825806
ETWQPVVILL,0.6265934705734253
ASSFHDTNEKF,0.405730664730072
YMDADYRKQW,0.5592795610427856
KVAEKMDNV,0.9633574485778809
STNAEVTGTM,0.7674565315246582
FPVNSKNTSKL,0.5399348735809326
SVTAVNRAL,0.7796860933303833
SHVWGVSLL,0.5768133401870728
YCFKIAVAL,0.7298663854598999
LGYKVAEKM,0.8818868398666382
VWGVSLLSHRW,0.523855984210968
SPGPGSSKV,0.8206885457038879
VAEHSYSSL,0.883809506893158
VYDTASEMI,0.9807657599449158
PYGYVLNEF,0.7400041818618774
EVYDTASEM,0.7881101965904236
KVAEKMDNV,0.9633574485778809
ERFHQMPSGI,0.9495347738265991
LFYNIIAPMF,0.9375645518302917
HFTALYSAV,0.9392807483673096
FGPCIFIYF,0.9920907020568848
RATPHLILL,0.8642385601997375
TYDTVHRHL,0.9994910955429077
SKTYDTVHRHL,0.015510916709899902
SESAPLGYVI,0.5448400378227234
KTYDTVHRHL,0.547239363193512
ISVISAPSIY,0.7189698219299316
VYDTASEMILV,0.7846376895904541
RATPHLILL,0.8642385601997375
MFIVFTTIAY,0.531255304813385
VFALFYNII,0.5811502933502197
DSHVWGVSL,0.6309977769851685
QPTARRMGW,0.972800612449646
KIYEAVELM,0.6112916469573975
FTTIAYGAM,0.979483962059021
GPGSSKVEL,0.595483660697937
HEVYDTASEMI,0.5309426784515381
LPKVAEHSYS,0.866439700126648
VSESAPLGY,0.9174314737319946
GPGVQRMVL,0.5662793517112732
ETWQPVVIL,0.7637893557548523
GQFAAQPGW,0.7089338302612305
EVYDTASEM,0.7881101965904236
VIYDGRDFL,0.5887316465377808
FHQMPSGIIL,0.7513697147369385
AHGLSPRLF,0.8707960247993469
FHQMPSGII,0.7820411324501038
DSHVWGVSL,0.6309977769851685
FYNIIAPMF,0.9822611212730408
VTAVNRALL,0.5661042928695679
ITHTLNLDKIY,0.2362404465675354
HRHLTVEEA,0.5880471467971802
SFHDTNEKFY,0.5452328324317932
VSNSEKHIM,0.788701057434082
SFSGLRSSF,0.9387257099151611
SVISAPSIYA,0.7532320022583008
LFYNIIAPM,0.9028278589248657
KIYEAVELM,0.6112916469573975
EVYDTASEMI,0.7375389337539673
SFAGCMTQTFV,0.6568766236305237
THTLNLDKIY,0.5623936057090759
KVFALFYNI,0.7690479755401611
HQMPSGIIL,0.6356902122497559
LRLWDSHVW,0.6602944731712341
VWGVSLLSHRW,0.523855984210968
SFHDTNEKFY,0.5452328324317932
FFGPCIFIYFW,0.8696272373199463
WIRGAIYCF,0.8356916904449463
ETWQPVVIL,0.7637893557548523
FAAQPGWKQL,0.5441744327545166
IYMDADYRKQW,0.22179466485977173
KVAEHSYSSL,0.7000792622566223
PYGYVLNEF,0.7400041818618774
LMPYGYVLNEF,0.5978817343711853
NTIASFSGL,0.8267489671707153
LGYKVAEKM,0.8818868398666382
AINIRGHQV,0.947509765625
TYDTVHRHLTV,0.9990949630737305
QAHGLSPRLF,0.5966974496841431
TARRMGWLPLL,0.470547616481781
LADIYMDADY,0.4623526930809021
LFYNIIAPM,0.9028278589248657
GTMDSIRSG,0.8459475636482239
SPGGKEAETW,0.5122178196907043
SLNVKGPGV,0.5748269557952881
NRALLGSGGL,0.5047304034233093
TQTFVCLSF,0.9686201810836792
SIRSGAFGHL,0.7607728242874146
VAEHSYSSL,0.883809506893158
TPHLILLELM,0.5423330664634705
SWIRGAIYCF,0.6781232953071594
MDSIRSGAF,0.9121473431587219
ESAPLGYVI,0.655073881149292
SEKHIMAEIY,0.8377523422241211
